<?xml version="1.0" encoding="UTF-8" standalone="yes"?>
<addon id="repository.costyflix" name="Costyflix Kodi Build" version="1.0.0" provider-name="theoffbeatdoc">
    <extension point="xbmc.addon.repository" name="Costyflix Kodi Build">
        <dir>
            <info compressed="false">https://raw.githubusercontent.com/theoffbeatdoc/costyflix/master/repo/zips/addons.xml</info>
            <checksum>https://raw.githubusercontent.com/theoffbeatdoc/costyflix/master/repo/zips/addons.xml.md5</checksum>
            <datadir zip="true">https://raw.githubusercontent.com/theoffbeatdoc/costyflix/master/repo/zips/</datadir>
        </dir>
    </extension>
    <extension point="xbmc.addon.metadata">
        <summary>Costyflix Kodi Build</summary>
        <description>The OffBeat Doc's Kodi Build</description>
        <disclaimer></disclaimer>
        <platform>all</platform>
        <assets>
            <icon>icon.png</icon>
            <fanart>fanart.jpg</fanart>
        </assets>
    </extension>
</addon>